<?xml version="1.0" encoding="UTF-8"?>
    <addon id="LTBox.LTBox" name="LTB" version="1.0.0" provider-name="Sunny">
        <requires>
            <import addon="xbmc.addon" version="12.0.0"/>
        </requires>
        <extension point="xbmc.addon.repository" name="LTB">
            <info compressed="false">https://github.com/LTBox/LTB_repo/addons.xml</info>
            <checksum>https://github.com/LTBox/LTB_repo/addons.xml.md5</checksum>
            <datadir zip="true">https://github.com/LTBox/LTB_repo/</datadir>
            <hashes>false</hashes>
        </extension>
        <extension point="xbmc.addon.metadata">
            <summary>A koodi repository</summary>
            <description>Repository to carry my kodi addons.</description>
            <platform>all</platform>
    </extension>
</addon>